game_id,home_team_id,away_team_id,home_team_goals,away_team_goals,home_team_yellow_cards,away_team_yellow_cards,home_team_corners,away_team_corners,home_team_shots_on_goal,away_team_shots_on_goal,home_team_fouls,away_team_fouls,book_goals_w1,book_goals_x,book_goals_w2,book_goals_x1,book_goals_x2,book_goals_h1_0,book_goals_h2_0,book_goals_over_two,book_goals_under_two,book_goals_over_two_and_five,book_goals_under_two_and_five,book_goals_over_three,book_goals_under_three,book_goals_over_three_and_five,book_goals_under_three_and_five,book_goals_over_four,book_goals_under_four,book_goals_under_three
1,6,20,3,0,2,1,4,5,6,0,23,16,1.5199999809265137,4.28000020980835,6.900000095367432,1.1216552257537842,2.641502618789673,1.195884108543396,5.428684234619141,,,,,,,,,,,
2,8,12,3,2,2,3,4,1,5,4,10,15,1.8200000524520874,4.010000228881836,4.21999979019165,1.2518353462219238,2.0561604499816895,1.4026540517807007,3.252307653427124,,,,,,,,,,,
3,2,18,1,1,3,3,7,3,2,4,12,13,2.5299999713897705,3.799999952316284,2.640000104904175,1.5187994241714478,1.557763934135437,1.9191666841506958,2.0026087760925293,,,,,,,,,,,
4,11,13,3,0,0,0,2,4,7,3,15,10,1.7799999713897705,3.880000114440918,4.590000152587891,1.2202119827270508,2.102621078491211,1.3600435256958008,3.5070786476135254,,,,,,,,,,,
5,9,5,0,1,0,2,8,0,5,4,17,9,2,3.5399999618530273,3.9200000762939453,1.2779783010482788,1.8601608276367188,1.4800000190734863,2.9007999897003174,,,,,,,,,,,
6,14,19,1,1,3,5,2,8,2,4,17,13,2.119999885559082,3.5199999809265137,3.559999942779541,1.3231205940246582,1.7699434757232666,1.5635955333709717,2.6256604194641113,,,,,,,,,,,
7,10,7,0,1,1,2,5,6,7,4,9,13,2.640000104904175,3.619999885559082,2.619999885559082,1.5266454219818115,1.5199358463287354,1.9674808979034424,1.9525758028030396,,,,,,,,,,,
8,16,1,1,5,2,1,8,2,3,8,7,11,3.990000009536743,3.7100000381469727,1.940000057220459,1.922454595565796,1.2738760709762573,2.9955670833587646,1.456491231918335,,,,,,,,,,,
9,15,3,0,1,0,2,5,3,3,5,13,9,2.049999952316284,3.259999990463257,4.150000095367432,1.2585687637329102,1.8257759809494019,1.4640964269638062,2.963902473449707,,,,,,,,,,,
10,17,4,0,2,0,2,5,4,1,6,12,14,4.78000020980835,3.9100000858306885,1.75,2.1507248878479004,1.208922266960144,3.6568000316619873,1.3387866020202637,,,,,,,,,,,
11,13,10,1,1,1,6,6,6,3,6,12,13,3.759999990463257,3.4600000381469727,2.0799999237060547,1.8018836975097656,1.2990614175796509,2.7515385150909424,1.522127628326416,,,,,,,,,,,
12,20,8,0,0,1,1,2,6,1,4,13,13,2.8499999046325684,3.5299999713897705,2.490000009536743,1.576880931854248,1.4600830078125,2.101686716079712,1.8362104892730713,,,,,,,,,,,
13,18,17,2,0,3,3,3,2,3,1,15,10,2.240000009536743,3.549999952316284,3.240000009536743,1.37340247631073,1.6939617395401,1.6575309038162231,2.3975000381469727,,,,,,,,,,,
14,12,6,0,0,2,2,5,2,1,3,9,10,5.369999885559082,4.329999923706055,1.6100000143051147,2.3971238136291504,1.1736195087432861,4.2486958503723145,1.273817539215088,,,,,,,,,,,
15,5,11,1,4,3,0,1,5,2,7,10,11,2.0899999141693115,3.2799999713897705,3.950000047683716,1.2765735387802124,1.791977882385254,1.498531699180603,2.832153081893921,,,,,,,,,,,
16,3,9,2,1,1,0,4,5,6,4,7,12,2.569999933242798,3.0899999141693115,3.0899999141693115,1.4030565023422241,1.5449999570846558,1.7950809001922607,2.15828800201416,,,,,,,,,,,
17,19,16,0,1,1,1,4,1,3,2,8,11,1.7899999618530273,3.8399999141693115,4.599999904632568,1.2208881378173828,2.092890977859497,1.3613477945327759,3.4984357357025146,,,,,,,,,,,
18,7,14,2,0,1,2,13,2,7,4,8,8,1.6799999475479126,4.079999923706055,5.099999904632568,1.190000057220459,2.2666666507720947,1.302823543548584,3.9549999237060547,,,,,,,,,,,
19,1,15,2,1,4,2,4,4,6,4,18,9,1.6299999952316284,3.9000000953674316,6.079999923706055,1.1495479345321655,2.3759520053863525,1.2427302598953247,4.635459899902344,,,,,,,,,,,
20,4,2,2,1,1,2,17,1,4,4,11,14,1.4500000476837158,4.690000057220459,7.559999942779541,1.1075732707977295,2.894399881362915,1.167962908744812,6.089517116546631,,,,,,,,,,,
21,14,20,3,2,2,3,7,1,5,6,18,16,2.009999990463257,3.7100000381469727,3.7100000381469727,1.3036887645721436,1.8550000190734863,1.5109434127807617,2.788855791091919,,,,,,,,,,,
22,10,3,1,1,0,3,1,3,3,2,13,14,2.109999895095825,3.5,3.609999895095825,1.316399335861206,1.7770745754241943,1.552797794342041,2.6566824913024902,,,,,,,,,,,
23,16,12,2,0,1,3,1,6,3,4,5,9,2.7100000381469727,3.2300000190734863,2.7899999618530273,1.4736195802688599,1.496960163116455,1.9318996667861938,1.9889298677444458,,,,,,,,,,,
24,9,13,0,1,3,1,11,2,2,3,16,9,1.6100000143051147,3.940000057220459,6.21999979019165,1.14295494556427,2.4120867252349854,1.2336655855178833,4.766087055206299,,,,,,,,,,,
25,2,5,5,0,5,1,3,4,8,1,14,14,2.140000104904175,3.700000047683716,3.359999895095825,1.355821967124939,1.760906457901001,1.6041666269302368,2.5186915397644043,,,,,,,,,,,
26,6,8,1,0,3,4,9,1,7,1,12,20,1.5,4.579999923706055,6.710000038146973,1.1299341917037964,2.7220373153686523,1.1990760564804077,5.363866806030273,,,,,,,,,,,
27,15,19,2,2,0,1,5,7,3,5,14,12,2,3.549999952316284,3.9200000762939453,1.2792792320251465,1.8629183769226074,1.4800000190734863,2.9007999897003174,,,,,,,,,,,
28,18,4,2,2,2,0,4,2,5,6,7,10,4.78000020980835,3.9100000858306885,1.75,2.1507248878479004,1.208922266960144,3.6568000316619873,1.3387866020202637,,,,,,,,,,,
29,17,1,0,1,1,3,2,4,3,5,8,13,3.9800000190734863,3.2899999618530273,2.0799999237060547,1.8011279106140137,1.274338960647583,2.8551924228668213,1.4921607971191406,,,,,,,,,,,
30,11,7,0,2,0,1,3,5,0,5,15,15,3.109999895095825,3.5,2.3299999237060547,1.646747350692749,1.3987993001937866,2.2880687713623047,1.71421217918396,,,,,,,,,,,
31,3,11,3,1,3,2,6,7,5,7,14,13,2.5,3.369999885559082,2.950000047683716,1.4352641105651855,1.5730221271514893,1.8105084896087646,2.136399984359741,,,,,,,,,,,
32,8,10,4,0,0,2,6,4,8,2,8,11,2.5899999141693115,3.5299999713897705,2.7200000286102295,1.4939051866531372,1.536255955696106,1.9131617546081543,2.0091891288757324,,,,,,,,,,,
33,13,18,2,0,3,2,0,4,4,1,18,11,2.4600000381469727,3.4100000858306885,2.9700000286102295,1.429063081741333,1.5874137878417969,1.7917171716690063,2.16317081451416,,,,,,,,,,,
34,6,16,3,0,1,0,9,3,9,2,14,10,1.2999999523162842,5.369999885559082,12.100000381469727,1.0466266870498657,3.7193474769592285,1.0852892398834229,10.10153865814209,,,,,,,,,,,
35,20,2,0,2,0,2,5,3,0,10,12,11,2.5299999713897705,3.5199999809265137,2.799999952316284,1.472000002861023,1.5594936609268188,1.8654999732971191,2.064584970474243,,,,,,,,,,,
36,7,15,1,1,2,3,2,2,5,3,9,15,1.5099999904632568,4.449999809265137,6.619999885559082,1.127432942390442,2.661156177520752,1.203534722328186,5.276423931121826,,,,,,,,,,,
37,1,4,2,2,2,1,7,3,6,6,9,6,2.2699999809265137,3.509999990463257,3.200000047683716,1.3784948587417603,1.6739195585250854,1.6751874685287476,2.3614978790283203,,,,,,,,,,,
38,19,9,2,1,4,3,2,6,5,7,11,8,2.490000009536743,3.3299999237060547,2.990000009536743,1.4246907234191895,1.5754271745681763,1.7961204051971436,2.156787157058716,,,,,,,,,,,
39,12,14,2,0,5,2,3,4,2,2,8,9,2.240000009536743,3.490000009536743,3.309999942779541,1.364328145980835,1.6988087892532349,1.6432024240493774,2.4281249046325684,,,,,,,,,,,
40,5,17,1,0,3,4,7,11,2,6,14,11,1.8899999856948853,3.5799999237060547,4.400000095367432,1.236965298652649,1.9739348888397217,1.4009546041488647,3.261481523513794,,,,,,,,,,,
41,16,8,3,4,7,3,2,5,4,5,13,13,2.609999895095825,3.5999999046325684,2.690000057220459,1.5130435228347778,1.5395866632461548,1.9308550357818604,1.990038275718689,,,,,,,,,,,
42,11,19,2,1,2,2,5,3,8,7,12,10,2.359999895095825,3.559999942779541,3.059999942779541,1.419189214706421,1.6455589532852173,1.7358169555664062,2.250678062438965,,,,,,,,,,,
43,15,12,1,1,3,0,5,3,3,5,15,7,1.899999976158142,3.390000104904175,4.630000114440918,1.2175803184509277,1.9570698738098145,1.3821598291397095,3.368105173110962,,,,,,,,,,,
44,18,1,0,1,3,2,8,3,3,9,11,9,4.760000228881836,4.019999980926514,1.6799999475479126,2.179407835006714,1.1848421096801758,3.756666660308838,1.3258823156356812,,,,,,,,,,,
45,14,6,2,3,0,2,7,5,5,7,10,14,3.1700000762939453,3.4800000190734863,2.299999952316284,1.658887267112732,1.3847750425338745,2.330695629119873,1.6910409927368164,,,,,,,,,,,
46,10,20,3,1,2,4,5,12,7,3,17,13,1.7400000095367432,3.890000104904175,4.869999885559082,1.2022379636764526,2.1625912189483643,1.330143690109253,3.7228734493255615,,,,,,,,,,,
47,17,3,0,0,2,1,9,0,3,0,12,9,2.690000057220459,3.1700000762939453,2.869999885559082,1.4551706314086914,1.5062748193740845,1.8985365629196167,2.025576114654541,,,,,,,,,,,
48,4,5,0,1,0,5,13,3,3,3,6,8,1.4700000286102295,4.630000114440918,7.110000133514404,1.1157541275024414,2.8040289878845215,1.1826159954071045,5.71999979019165,,,,,,,,,,,
49,2,13,2,1,4,2,12,4,5,1,15,11,1.7000000476837158,4.090000152587891,4.960000038146973,1.2008635997772217,2.241591215133667,1.3158870935440063,3.839294195175171,,,,,,,,,,,
50,9,7,2,0,0,1,1,6,2,5,9,10,3.5299999713897705,3.4800000190734863,2.1500000953674316,1.752410888671875,1.3289520740509033,2.5890233516693115,1.5768839120864868,,,,,,,,,,,
51,20,11,1,2,1,4,3,4,4,3,12,22,3.490000009536743,3.490000009536743,2.1600000858306885,1.7450000047683716,1.3342300653457642,2.5634260177612305,1.5865329504013062,,,,,,,,,,,
52,8,14,0,0,4,2,4,3,5,5,12,16,1.9600000381469727,3.5999999046325684,4.010000228881836,1.2690647840499878,1.8969776630401611,1.4590024948120117,2.984999895095825,,,,,,,,,,,
53,16,15,0,1,2,3,5,6,3,4,7,15,2.9800000190734863,3.4000000953674316,2.4600000381469727,1.588087797164917,1.4273037910461426,2.167154550552368,1.788993239402771,,,,,,,,,,,
54,6,10,3,3,4,2,5,6,6,4,14,13,1.3799999952316284,5.320000171661377,8.100000381469727,1.0957611799240112,3.2110283374786377,1.1469630002975464,6.732173919677734,,,,,,,,,,,
55,12,9,1,0,2,1,3,15,2,2,7,4,2.9200000762939453,3.5299999713897705,2.430000066757202,1.5980775356292725,1.4392449855804443,2.1576132774353027,1.7955479621887207,,,,,,,,,,,
56,13,4,3,0,3,3,3,9,4,2,12,11,4.53000020980835,3.690000057220459,1.840000033378601,2.0335402488708496,1.2277758121490479,3.3927173614501953,1.3780573606491089,,,,,,,,,,,
57,19,2,0,2,2,3,9,3,3,5,16,13,2.259999990463257,3.5899999141693115,3.180000066757202,1.3869060277938843,1.6862924098968506,1.6764780282974243,2.358937978744507,,,,,,,,,,,
58,3,1,2,2,3,1,9,4,10,5,14,10,3.1700000762939453,3.380000114440918,2.3499999046325684,1.6358168125152588,1.386212944984436,2.301957368850708,1.706498384475708,,,,,,,,,,,
59,7,17,2,1,2,1,6,2,4,2,16,13,1.3799999952316284,4.860000133514404,9.369999885559082,1.0748076438903809,3.2001545429229736,1.1243330240249634,7.634057998657227,,,,,,,,,,,
60,5,18,2,0,1,4,6,4,3,3,14,13,1.850000023841858,3.5899999141693115,4.619999885559082,1.220863938331604,2.0201947689056396,1.3724242448806763,3.427351236343384,,,,,,,,,,,
61,11,6,2,1,0,0,2,5,3,7,12,8,2.7699999809265137,3.490000009536743,2.569999933242798,1.5442970991134644,1.4800825119018555,2.036264657974243,1.8892419338226318,,,,,,,,,,,
62,15,8,4,0,0,2,6,7,9,4,9,8,2.0299999713897705,3.640000104904175,3.740000009536743,1.303209900856018,1.8446612358093262,1.5119251012802124,2.7855172157287598,,,,,,,,,,,
63,14,16,1,0,2,1,8,2,2,2,12,10,1.909999966621399,3.7100000381469727,4.119999885559082,1.2608718872070312,1.9521328210830688,1.434320330619812,3.0939266681671143,,,,,,,,,,,
64,10,12,4,0,1,3,1,9,4,0,7,12,1.8600000143051147,3.5199999809265137,4.650000095367432,1.2169517278671265,2.003427267074585,1.371999979019165,3.430000066757202,,,,,,,,,,,
65,17,13,1,1,3,2,7,3,5,2,13,13,2.130000114440918,3.3299999237060547,3.75,1.2990659475326538,1.7637711763381958,1.5366400480270386,2.7053520679473877,,,,,,,,,,,
66,2,7,1,2,2,2,5,4,3,6,4,15,3.1700000762939453,3.490000009536743,2.309999942779541,1.661156177520752,1.3899827003479004,2.3248484134674072,1.6941324472427368,,,,,,,,,,,
67,9,20,3,0,0,0,1,3,8,2,10,9,1.600000023841858,3.940000057220459,6.409999847412109,1.1379061937332153,2.4401352405548096,1.224617838859558,4.906125068664551,,,,,,,,,,,
68,4,19,2,1,3,0,5,5,5,1,15,12,1.5800000429153442,4.619999885559082,5.400000095367432,1.1773548126220703,2.4898202419281006,1.2667407989501953,4.329367160797119,,,,,,,,,,,
69,1,5,1,1,2,2,10,3,7,6,10,7,1.7799999713897705,3.859999895095825,4.639999866485596,1.2182269096374512,2.1071059703826904,1.3559483289718628,3.534606695175171,,,,,,,,,,,
70,18,3,2,2,3,1,8,2,6,5,14,16,2.680000066757202,3.440000057220459,2.680000066757202,1.506405234336853,1.506405234336853,1.9600000381469727,1.9600000381469727,,,,,,,,,,,
71,8,9,3,1,0,3,1,10,4,6,5,11,2.799999952316284,3.5899999141693115,2.5,1.5730829238891602,1.4737274646759033,2.0776000022888184,1.8550000190734863,,,,,,,,,,,
72,14,10,1,2,3,1,10,2,3,3,13,13,2.75,3.490000009536743,2.5899999141693115,1.5380609035491943,1.486694097518921,2.020540475845337,1.9029818773269653,,,,,,,,,,,
73,3,5,1,1,2,3,7,5,4,5,9,9,2.2799999713897705,3.259999990463257,3.430000066757202,1.3416606187820435,1.6714199781417847,1.631428599357605,2.454298257827759,,,,,,,,,,,
74,13,1,1,2,3,1,7,1,4,6,14,13,4.150000095367432,3.5899999141693115,1.9299999475479126,1.9248708486557007,1.2551993131637573,3.0872538089752197,1.4357590675354004,,,,,,,,,,,
75,19,17,0,1,3,6,8,3,5,5,16,6,2.2799999713897705,3.369999885559082,3.3299999237060547,1.3599292039871216,1.6749403476715088,1.6509909629821777,2.411315679550171,,,,,,,,,,,
76,6,15,2,1,2,1,3,2,4,2,14,15,1.9700000286102295,3.559999942779541,4.050000190734863,1.2682098150253296,1.8946123123168945,1.4566913843154907,2.994720697402954,,,,,,,,,,,
77,16,2,0,2,2,3,7,5,2,6,9,6,3.369999885559082,3.380000114440918,2.25,1.687496304512024,1.350799322128296,2.447822332382202,1.6343026161193848,,,,,,,,,,,
78,12,11,4,1,2,1,8,7,8,3,12,13,2.6700000762939453,3.3299999237060547,2.7699999809265137,1.481850028038025,1.5121475458145142,1.9246209859848022,1.9967041015625,,,,,,,,,,,
79,7,18,2,1,5,3,3,3,5,2,20,12,1.6299999952316284,4.269999980926514,5.340000152587891,1.179677963256836,2.372715950012207,1.2791385650634766,4.190552234649658,,,,,,,,,,,
80,20,4,2,3,4,4,6,6,5,8,19,11,5.929999828338623,4.110000133514404,1.6100000143051147,2.4275200366973877,1.156835675239563,4.589565277099609,1.2460708618164062,,,,,,,,,,,
81,9,6,3,2,2,2,2,5,8,8,16,10,2.9000000953674316,3.5,2.4600000381469727,1.5859375,1.4446308612823486,2.135284662246704,1.8113102912902832,,,,,,,,,,,
82,17,20,2,0,3,0,7,7,5,3,10,8,1.7400000095367432,3.6600000858306885,5.340000152587891,1.1793333292007446,2.171600103378296,1.2993258237838745,3.987586259841919,,,,,,,,,,,
83,15,14,2,2,2,6,1,2,2,3,17,16,1.850000023841858,3.5899999141693115,4.619999885559082,1.220863938331604,2.0201947689056396,1.3724242448806763,3.427351236343384,,,,,,,,,,,
84,10,16,0,2,2,2,7,3,6,6,6,12,1.559999942779541,4.369999885559082,5.989999771118164,1.1496121883392334,2.526669979095459,1.2352253198623657,4.742948532104492,,,,,,,,,,,
85,18,19,1,2,3,1,5,4,4,10,14,16,1.909999966621399,3.869999885559082,3.930000066757202,1.2788407802581787,1.9498846530914307,1.456284999847412,2.9964396953582764,,,,,,,,,,,
86,4,3,1,0,3,2,3,6,5,3,15,8,1.5499999523162842,4.309999942779541,6.289999961853027,1.140017032623291,2.557537794113159,1.221494436264038,4.956903457641602,,,,,,,,,,,
87,11,8,0,1,3,4,6,2,2,3,24,10,2.140000104904175,3.390000104904175,3.6500000953674316,1.311862587928772,1.7575994729995728,1.5545753240585327,2.6514952182769775,,,,,,,,,,,
88,1,7,3,1,3,5,1,2,7,4,15,13,2.619999885559082,3.3299999237060547,2.819999933242798,1.4663193225860596,1.526926875114441,1.8904964923858643,2.034809112548828,,,,,,,,,,,
89,2,12,2,1,2,5,6,3,6,5,14,9,1.8200000524520874,3.9100000858306885,4.309999942779541,1.241919755935669,2.05013370513916,1.393828272819519,3.300769329071045,,,,,,,,,,,
90,5,13,6,3,3,3,6,5,12,5,8,13,1.5499999523162842,4.449999809265137,6.079999923706055,1.149583339691162,2.56942081451416,1.2298355102539062,4.824129104614258,,,,,,,,,,,
91,16,11,2,1,2,3,6,3,5,3,18,14,2.609999895095825,3.5799999237060547,2.680000066757202,1.509499192237854,1.5326517820358276,1.9344029426574707,1.986283540725708,,,,,,,,,,,
92,20,18,2,1,3,4,7,5,3,5,18,16,2.9600000381469727,3.5,2.4200000762939453,1.603715181350708,1.4307432174682617,2.178677797317505,1.7812162637710571,,,,,,,,,,,
93,3,13,2,0,2,3,4,5,3,3,17,12,1.690000057220459,3.9200000762939453,5.550000190734863,1.1808912754058838,2.2973601818084717,1.2784143686294556,4.198343276977539,,,,,,,,,,,
94,12,17,1,1,3,3,3,5,3,6,11,6,2.2100000381469727,3.3499999046325684,3.5,1.3315647840499878,1.7116788625717163,1.5987999439239502,2.532036304473877,,,,,,,,,,,
95,19,1,0,1,4,4,1,2,3,1,17,13,3.680000066757202,3.5999999046325684,2.059999942779541,1.8197802305221558,1.3102473020553589,2.730679512023926,1.528586983680725,,,,,,,,,,,
96,8,2,1,1,5,3,8,3,3,4,13,19,2.1600000858306885,3.700000047683716,3.2899999618530273,1.36382257938385,1.7414878606796265,1.6234042644500732,2.4726850986480713,,,,,,,,,,,
97,15,10,1,1,6,2,4,4,2,3,19,11,2.0999999046325684,3.5799999237060547,3.5799999237060547,1.3235915899276733,1.7899999618530273,1.5548603534698486,2.6506667137145996,,,,,,,,,,,
98,14,9,1,2,0,1,5,3,6,3,9,17,3.0899999141693115,3.2899999618530273,2.450000047683716,1.5934325456619263,1.4042682647705078,2.2160000801086426,1.7570226192474365,,,,,,,,,,,
99,7,5,1,2,2,1,9,4,5,2,18,5,1.7899999618530273,3.8399999141693115,4.619999885559082,1.2208881378173828,2.0970213413238525,1.3596969842910767,3.509385585784912,,,,,,,,,,,
100,6,4,2,1,3,2,5,5,3,4,17,19,2.0899999141693115,3.990000009536743,3.259999990463257,1.3715624809265137,1.7941241264343262,1.608282208442688,2.5086123943328857,,,,,,,,,,,
101,1,20,2,1,3,5,9,4,4,4,9,14,1.4800000190734863,4.71999979019165,6.670000076293945,1.1267096996307373,2.764038562774658,1.1974512338638306,5.3966217041015625,,,,,,,,,,,
102,18,16,2,0,1,0,5,5,5,4,15,17,1.9600000381469727,3.700000047683716,3.9000000953674316,1.281272053718567,1.8986842632293701,1.4725128412246704,2.930000066757202,,,,,,,,,,,
103,2,6,1,0,3,1,4,9,2,3,12,13,3.140000104904175,3.7200000286102295,2.2200000286102295,1.7027405500411987,1.3903030157089233,2.36612606048584,1.6728662252426147,,,,,,,,,,,
104,11,15,1,1,4,2,6,6,3,3,16,13,2.2699999809265137,3.4100000858306885,3.299999952316284,1.3627992868423462,1.677049160003662,1.6541211605072021,2.4046695232391357,,,,,,,,,,,
105,3,7,2,1,1,2,7,5,5,4,17,13,3.0999999046325684,3.5199999809265137,2.3299999237060547,1.6483383178710938,1.4019829034805298,2.283862590789795,1.7165806293487549,,,,,,,,,,,
106,13,8,2,1,3,3,7,5,8,6,23,9,2.869999885559082,3.5899999141693115,2.440000057220459,1.594938039779663,1.4526699781417847,2.132704973220825,1.8131707906723022,,,,,,,,,,,
107,5,19,2,2,3,6,8,4,9,5,10,19,1.809999942779541,3.869999885559082,4.46999979019165,1.2332218885421753,2.0742087364196777,1.3768233060836792,3.400221109390259,,,,,,,,,,,
108,4,12,2,0,1,3,3,2,5,3,6,15,1.5199999809265137,4.550000190734863,6.289999961853027,1.139374017715454,2.6401753425598145,1.2168203592300415,5.035394668579102,,,,,,,,,,,
109,17,14,1,2,4,5,2,1,3,5,7,12,1.9900000095367432,3.4000000953674316,4.199999809265137,1.255287528038025,1.878947377204895,1.4443333148956299,3.048341751098633,,,,,,,,,,,
110,9,10,2,1,1,1,6,8,9,6,9,10,1.9700000286102295,3.5899999141693115,3.9700000286102295,1.2719963788986206,1.8852248191833496,1.4662972688674927,2.9549238681793213,,,,,,,,,,,
111,20,5,2,0,2,0,4,5,4,1,11,10,3.569999933242798,3.559999942779541,2.109999895095825,1.782496452331543,1.3247971534729004,2.638104200363159,1.5592156648635864,,,,,,,,,,,
112,12,18,2,0,1,1,4,3,5,4,12,11,2.3299999237060547,3.5299999713897705,3.0999999046325684,1.403566598892212,1.6505279541015625,1.7165806293487549,2.283862590789795,,,,,,,,,,,
113,15,17,0,0,1,5,4,4,0,4,9,10,2.0199999809265137,3.4000000953674316,4.03000020980835,1.2671586275100708,1.8441452980041504,1.471215844154358,2.9351484775543213,,,,,,,,,,,
114,16,9,1,3,3,1,6,3,1,7,11,12,3.700000047683716,3.2899999618530273,2.1600000858306885,1.7414878606796265,1.3039265871047974,2.6587038040161133,1.5521080493927002,,,,,,,,,,,
115,14,11,1,0,1,3,8,3,6,2,13,12,2.4600000381469727,3.2799999713897705,3.0799999237060547,1.4057142734527588,1.5884276628494263,1.7627272605895996,2.2069919109344482,,,,,,,,,,,
116,6,1,1,2,5,4,7,4,6,4,10,10,2.0199999809265137,3.7100000381469727,3.6600000858306885,1.3078882694244385,1.8424152135849,1.520874261856079,2.755643606185913,,,,,,,,,,,
117,19,3,0,2,3,3,6,5,6,10,9,10,2.3399999141693115,3.440000057220459,3.1500000953674316,1.3926643133163452,1.6443095207214355,1.7079999446868896,2.2992308139801025,,,,,,,,,,,
118,8,4,1,1,6,3,0,11,3,5,10,15,3.880000114440918,3.5,2.0299999713897705,1.8401083946228027,1.284810185432434,2.8531033992767334,1.4927319288253784,,,,,,,,,,,
119,10,2,1,0,3,2,7,8,7,1,9,5,2.369999885559082,3.299999952316284,3.200000047683716,1.379365086555481,1.6246154308319092,1.7058124542236328,2.3032066822052,,,,,,,,,,,
120,7,13,2,2,0,1,7,1,5,3,12,11,1.409999966621399,4.610000133514404,8.899999618530273,1.0797507762908936,3.036935567855835,1.135258436203003,7.165815830230713,,,,,,,,,,,
121,2,14,3,1,2,3,4,5,6,3,8,8,1.9900000095367432,3.7200000286102295,3.8399999141693115,1.2964622974395752,1.8895238637924194,1.48786461353302,2.8710553646087646,,,,,,,,,,,
122,9,15,2,1,5,2,2,1,3,5,17,15,2.069999933242798,3.5,3.859999895095825,1.3007181882858276,1.8355978727340698,1.5055440664291382,2.8074395656585693,,,,,,,,,,,
123,17,16,1,0,0,2,3,7,3,3,15,16,1.7699999809265137,3.7799999713897705,5.099999904632568,1.2055134773254395,2.170945882797241,1.3201175928115845,3.8037288188934326,,,,,,,,,,,
124,5,6,2,0,2,1,5,7,3,5,8,9,2.8399999141693115,3.680000066757202,2.490000009536743,1.6029447317123413,1.4851216077804565,2.0977509021759033,1.8392254114151,,,,,,,,,,,
125,18,8,1,3,1,5,4,1,6,8,15,22,2.4000000953674316,3.740000009536743,2.930000066757202,1.4618892669677734,1.6429085731506348,1.7827303409576416,2.1764166355133057,,,,,,,,,,,
126,11,10,1,3,0,2,7,4,8,7,10,10,2.190000057220459,3.7200000286102295,3.299999952316284,1.3784772157669067,1.7487179040908813,1.6303635835647583,2.456712245941162,,,,,,,,,,,
127,3,20,3,0,2,1,2,5,5,4,16,8,1.7899999618530273,3.9000000953674316,4.739999771118164,1.2268892526626587,2.1395833492279053,1.3500844240188599,3.5750837326049805,,,,,,,,,,,
128,4,7,1,2,4,5,4,1,4,6,13,17,2.180000066757202,3.640000104904175,3.4000000953674316,1.3634364604949951,1.7579545974731445,1.6083528995513916,2.5084402561187744,,,,,,,,,,,
129,13,19,1,1,4,2,4,2,3,2,19,11,2.619999885559082,3.5799999237060547,2.740000009536743,1.5128387212753296,1.5520886182785034,1.917080283164978,2.00488543510437,,,,,,,,,,,
130,1,12,3,0,0,4,2,12,5,5,6,16,1.590000033378601,4.179999828338623,5.449999809265137,1.151854395866394,2.365628242492676,1.2659082412719727,4.3391194343566895,,,,,,,,,,,
131,10,18,0,0,2,3,8,8,1,4,8,11,2.130000114440918,3.619999885559082,3.559999942779541,1.3409738540649414,1.794874668121338,1.5663483142852783,2.617934226989746,,,,,,,,,,,
132,9,11,0,0,2,2,7,1,7,0,14,6,1.8600000143051147,3.680000066757202,4.619999885559082,1.2355234622955322,2.0483856201171875,1.3745454549789429,3.414193630218506,,,,,,,,,,,
133,14,5,3,0,1,3,2,1,5,1,9,6,3,3.559999942779541,2.430000066757202,1.6280487775802612,1.444206953048706,2.1898765563964844,1.773800015449524,,,,,,,,,,,
134,20,13,1,0,0,1,5,5,3,1,12,13,2.4800000190734863,3.5199999809265137,2.950000047683716,1.4549332857131958,1.6049458980560303,1.8038643598556519,2.145725727081299,,,,,,,,,,,
135,6,17,0,4,1,0,8,3,4,7,9,10,1.5199999809265137,4.639999866485596,6.5,1.1449350118637085,2.7073607444763184,1.2091692686080933,5.1707892417907715,,,,,,,,,,,
136,12,3,3,2,4,2,5,6,5,8,12,10,2.4200000762939453,3.1600000858306885,3.259999990463257,1.3704659938812256,1.604610562324524,1.7074847221374512,2.3001651763916016,,,,,,,,,,,
137,8,1,0,2,1,2,4,0,2,2,8,13,3.3399999141693115,3.5199999809265137,2.2300000190734863,1.7138192653656006,1.3651478290557861,2.447802782058716,1.634311318397522,,,,,,,,,,,
138,15,2,4,0,1,3,4,2,8,0,15,9,2.319999933242798,3.380000114440918,3.319999933242798,1.3757193088531494,1.67486572265625,1.6648192405700684,2.382413864135742,,,,,,,,,,,
139,16,4,0,0,5,2,4,7,2,2,8,13,4.539999961853027,3.9800000190734863,1.7599999904632568,2.120798110961914,1.2203484773635864,3.5079545974731445,1.3599119186401367,,,,,,,,,,,
140,19,7,1,1,2,6,6,3,2,2,9,14,3.4200000762939453,3.5899999141693115,2.1500000953674316,1.751469373703003,1.3446863889694214,2.538883686065674,1.5960818529129028,,,,,,,,,,,
141,18,6,1,1,3,3,8,6,4,6,13,16,3.700000047683716,3.680000066757202,1.940000057220459,1.8449864387512207,1.2703202962875366,2.849072217941284,1.493837833404541,,,,,,,,,,,
142,5,15,0,1,2,3,5,5,1,2,15,14,2.1600000858306885,3.759999990463257,3.359999895095825,1.3718918561935425,1.7743819952011108,1.6100000143051147,2.5044443607330322,,,,,,,,,,,
143,1,10,2,0,0,1,2,7,3,4,6,10,1.7300000190734863,4.159999847412109,4.78000020980835,1.221867561340332,2.224250555038452,1.3346861600875854,3.6877455711364746,,,,,,,,,,,
144,4,11,2,2,2,4,12,7,7,6,9,12,1.5299999713897705,4.78000020980835,6.099999904632568,1.1590174436569214,2.6799633502960205,1.225803256034851,4.8871893882751465,,,,,,,,,,,
145,13,14,2,0,6,4,1,11,2,5,10,12,2.6700000762939453,3.4200000762939453,2.7699999809265137,1.4994088411331177,1.5304361581802368,1.9246209859848022,1.9967041015625,,,,,,,,,,,
146,17,8,3,1,1,1,7,1,9,2,7,9,3.0999999046325684,3.2799999713897705,2.200000047683716,1.5937304496765137,1.3167883157730103,2.3609089851379395,1.6754838228225708,,,,,,,,,,,
147,2,9,0,3,2,0,5,7,2,9,10,5,2.7799999713897705,3.640000104904175,2.549999952316284,1.5761994123458862,1.4995152950286865,2.0483920574188232,1.8789209127426147,,,,,,,,,,,
148,7,20,4,0,1,1,5,3,8,1,22,9,1.4199999570846558,4.960000038146973,7.300000190734863,1.103949785232544,2.9533441066741943,1.1706300973892212,6.018028259277344,,,,,,,,,,,
149,19,12,2,1,5,3,7,3,4,2,13,11,2.109999895095825,3.680000066757202,3.5399999618530273,1.3410707712173462,1.8043212890625,1.564124345779419,2.6241705417633057,,,,,,,,,,,
150,3,16,0,0,2,2,4,2,5,4,12,9,1.690000057220459,3.8399999141693115,4.900000095367432,1.1735261678695679,2.152860403060913,1.3179999589920044,3.821420192718506,,,,,,,,,,,
151,11,2,1,2,3,3,3,6,2,6,16,11,2.2100000381469727,3.8299999237060547,3.109999895095825,1.4013742208480835,1.7163256406784058,1.676398754119873,2.3590950965881348,,,,,,,,,,,
152,8,3,1,4,0,0,3,3,3,6,8,12,2.7200000286102295,3.2200000286102295,2.869999885559082,1.4744781255722046,1.5174713134765625,1.9087804555892944,2.0140440464019775,,,,,,,,,,,
153,9,18,2,1,2,3,8,3,3,3,14,13,1.7000000476837158,4.079999923706055,5.099999904632568,1.2000000476837158,2.2666666507720947,1.306666612625122,3.9200000762939453,,,,,,,,,,,
154,20,19,3,1,2,0,5,8,5,6,15,11,2.5,3.559999942779541,2.9000000953674316,1.4686468839645386,1.598142385482788,1.8248275518417358,2.11680006980896,,,,,,,,,,,
155,14,1,2,1,1,4,5,3,5,5,13,9,4.739999771118164,4,1.7699999809265137,2.1693363189697266,1.2270363569259644,3.6044068336486816,1.345949411392212,,,,,,,,,,,
156,10,17,1,0,2,2,1,3,5,3,14,11,2.180000066757202,3.5199999809265137,3.5199999809265137,1.3462456464767456,1.7599999904632568,1.586931824684143,2.562385320663452,,,,,,,,,,,
157,16,5,2,6,4,3,8,5,7,13,6,10,2.9000000953674316,3.4800000190734863,2.5399999618530273,1.5818182229995728,1.4683057069778442,2.098897695541382,1.8383448123931885,,,,,,,,,,,
158,6,13,4,2,3,3,7,2,8,3,14,18,1.5,4.760000228881836,6.800000190734863,1.1405750513076782,2.799999952316284,1.196176528930664,5.422666549682617,,,,,,,,,,,
159,15,4,1,0,5,3,6,5,5,3,13,6,3.180000066757202,3.0999999046325684,2.5,1.5697451829910278,1.3839285373687744,2.226560115814209,1.750440239906311,,,,,,,,,,,
160,12,7,3,2,3,2,4,5,7,4,12,13,3.799999952316284,3.4800000190734863,1.9199999570846558,1.816483497619629,1.2373332977294922,2.919583320617676,1.4751578569412231,,,,,,,,,,,
161,5,10,1,3,2,1,4,3,4,6,17,16,2.119999885559082,3.680000066757202,3.5199999809265137,1.3451035022735596,1.7991111278533936,1.5702272653579712,2.6071698665618896,,,,,,,,,,,
162,7,6,2,2,2,5,0,7,5,3,20,12,2.2699999809265137,3.559999942779541,3.259999990463257,1.3861407041549683,1.7017009258270264,1.6623926162719727,2.3874008655548096,,,,,,,,,,,
163,4,9,1,1,4,7,5,1,4,3,16,13,2.1700000762939453,3.619999885559082,3.4600000381469727,1.3567184209823608,1.76909601688385,1.5946242809295654,2.5425806045532227,,,,,,,,,,,
164,17,11,3,1,1,2,4,6,5,5,13,12,2.25,3.440000057220459,3.440000057220459,1.360281229019165,1.7200000286102295,1.620988368988037,2.478311061859131,,,,,,,,,,,
165,19,8,0,1,3,1,3,3,4,3,16,12,2.8499999046325684,3.299999952316284,2.690000057220459,1.5292682647705078,1.481969952583313,2.0182900428771973,1.9049824476242065,,,,,,,,,,,
166,18,15,1,3,4,2,10,5,3,4,11,13,3.130000114440918,3.440000057220459,2.4000000953674316,1.6388431787490845,1.413698673248291,2.2580833435058594,1.7314376831054688,,,,,,,,,,,
167,13,12,0,0,1,2,5,4,3,3,9,10,2.490000009536743,3.5199999809265137,2.940000057220459,1.4583693742752075,1.6019814014434814,1.809999942779541,2.137108325958252,,,,,,,,,,,
168,3,14,1,0,5,2,8,3,3,2,14,14,2.130000114440918,3.640000104904175,3.5199999809265137,1.343708872795105,1.7894972562789917,1.5730113983154297,2.5995304584503174,,,,,,,,,,,
169,20,16,1,0,2,2,7,1,4,2,17,9,2.4800000190734863,3.380000114440918,3.069999933242798,1.4304436445236206,1.6087751388549805,1.7716612815856934,2.193145275115967,,,,,,,,,,,
170,1,2,2,0,0,1,6,1,9,3,7,8,1.809999942779541,3.9800000190734863,4.420000076293945,1.244179606437683,2.094238042831421,1.3813122510910034,3.3731491565704346,,,,,,,,,,,
171,10,4,2,0,3,2,2,7,3,7,20,14,3.640000104904175,3.5199999809265137,2.130000114440918,1.7894972562789917,1.327008843421936,2.6547417640686035,1.5534615516662598,,,,,,,,,,,
172,11,1,1,2,3,3,4,5,8,5,16,8,5.199999809265137,4.159999847412109,1.6799999475479126,2.3111112117767334,1.1967123746871948,4.013333320617676,1.2966153621673584,,,,,,,,,,,
173,14,18,1,1,2,4,6,3,4,5,18,18,2.0399999618530273,3.5399999618530273,3.9200000762939453,1.2941935062408447,1.8601608276367188,1.4900000095367432,2.8631372451782227,,,,,,,,,,,
174,9,17,3,1,1,1,6,3,8,2,12,9,1.649999976158142,4.119999885559082,5.650000095367432,1.178162932395935,2.3825998306274414,1.2661947011947632,4.335757732391357,,,,,,,,,,,
175,6,19,2,1,3,4,3,2,3,5,11,17,1.7799999713897705,3.9600000381469727,4.699999809265137,1.2280139923095703,2.1491916179656982,1.3511489629745483,3.567640542984009,,,,,,,,,,,
176,12,5,2,1,1,1,7,3,5,5,16,13,2.390000104904175,3.619999885559082,2.9200000762939453,1.4395674467086792,1.6162691116333008,1.782123327255249,2.1773221492767334,,,,,,,,,,,
177,2,3,1,3,4,3,2,5,2,5,7,12,2.509999990463257,3.380000114440918,3.009999990463257,1.4403735399246216,1.5921440124511719,1.7972092628479004,2.155219078063965,,,,,,,,,,,
178,8,7,1,1,1,1,0,5,2,14,6,12,3.4700000286102295,3.680000066757202,2.0999999046325684,1.7859580516815186,1.337024211883545,2.5993332862854004,1.573083519935608,,,,,,,,,,,
179,15,20,1,1,0,5,3,2,7,2,12,13,1.6799999475479126,4.159999847412109,5.199999809265137,1.1967123746871948,2.3111112117767334,1.2966153621673584,4.013333320617676,,,,,,,,,,,
180,16,13,2,2,2,2,2,2,5,5,13,15,2.569999933242798,3.440000057220459,2.880000114440918,1.4710149765014648,1.5675948858261108,1.8545138835906982,2.0782101154327393,,,,,,,,,,,
181,5,8,1,1,1,2,7,4,5,4,13,8,2.2799999713897705,3.700000047683716,3.1500000953674316,1.4107023477554321,1.7014598846435547,1.6893333196640015,2.3339474201202393,,,,,,,,,,,
182,7,16,2,0,1,1,3,1,8,1,15,10,1.399999976158142,5.150000095367432,8.600000381469727,1.1007633209228516,3.221090793609619,1.139534831047058,7,,,,,,,,,,,
183,4,14,2,0,4,3,4,6,6,5,18,13,1.690000057220459,4.059999942779541,5.099999904632568,1.1932870149612427,2.2604804039001465,1.304745078086853,3.93739652633667,,,,,,,,,,,
184,17,2,0,1,3,3,7,6,5,3,14,11,2.0999999046325684,3.4000000953674316,3.799999952316284,1.2981817722320557,1.7944444417953491,1.5215789079666138,2.753333330154419,,,,,,,,,,,
185,19,10,1,1,2,1,7,3,4,4,15,14,2.490000009536743,3.5199999809265137,2.940000057220459,1.4583693742752075,1.6019814014434814,1.809999942779541,2.137108325958252,,,,,,,,,,,
186,18,11,2,0,1,6,7,4,10,2,18,23,2.240000009536743,3.700000047683716,3.190000057220459,1.395286202430725,1.7130624055862427,1.6681504249572754,2.375624895095825,,,,,,,,,,,
187,13,15,3,0,3,0,2,7,6,5,14,10,3.259999990463257,3.0999999046325684,2.4100000858306885,1.5889936685562134,1.355898380279541,2.305643081665039,1.7044785022735596,,,,,,,,,,,
188,3,6,1,0,3,4,6,3,4,6,16,14,2.509999990463257,3.559999942779541,2.640000104904175,1.4720922708511353,1.5158709287643433,1.9117424488067627,2.0107569694519043,,,,,,,,,,,
189,20,12,0,1,0,0,5,3,1,3,14,11,2.8399999141693115,3.5999999046325684,2.5299999713897705,1.5875775814056396,1.4858075380325317,2.0800790786743164,1.8530281782150269,,,,,,,,,,,
190,1,9,0,0,1,2,4,4,4,5,7,14,2.319999933242798,3.5999999046325684,3.1500000953674316,1.4108108282089233,1.6799999475479126,1.7017778158187866,2.310603380203247,,,,,,,,,,,
191,5,9,1,1,2,4,5,3,2,3,11,12,3.109999895095825,3.619999885559082,2.319999933242798,1.6728380918502808,1.4138720035552979,2.2937068939208984,1.7110611200332642,,,,,,,,,,,
192,7,10,1,2,2,3,9,1,3,8,17,11,1.7400000095367432,3.799999952316284,4.460000038146973,1.1935018301010132,2.051815986633301,1.3623318672180176,3.4919540882110596,,,,,,,,,,,
193,4,17,0,1,2,0,12,1,7,3,18,12,1.840000033378601,3.799999952316284,4.28000020980835,1.2397162914276123,2.012871265411377,1.4013084173202515,3.2595651149749756,,,,,,,,,,,
194,12,8,3,1,1,3,5,4,5,4,22,7,2.1700000762939453,3.700000047683716,3.380000114440918,1.367802381515503,1.7663841247558594,1.6091716289520264,2.5064516067504883,,,,,,,,,,,
195,19,14,4,0,4,1,1,12,4,3,17,14,2.2300000190734863,3.5199999809265137,3.380000114440918,1.3651478290557861,1.724289894104004,1.626568078994751,2.465381145477295,,,,,,,,,,,
196,18,2,3,1,2,0,6,4,8,5,9,15,2.2799999713897705,3.700000047683716,3.1500000953674316,1.4107023477554321,1.7014598846435547,1.6893333196640015,2.3339474201202393,,,,,,,,,,,
197,13,11,1,0,0,1,8,2,3,1,14,12,2.309999942779541,3.559999942779541,3.200000047683716,1.400954008102417,1.6852071285247803,1.6874375343322754,2.337575674057007,,,,,,,,,,,
198,3,15,0,1,3,3,8,5,4,2,9,14,2.609999895095825,3.4000000953674316,2.859999895095825,1.476539134979248,1.5533546209335327,1.8743356466293335,2.0538697242736816,,,,,,,,,,,
199,20,6,2,2,5,3,3,4,5,10,16,17,3.440000057220459,3.6600000858306885,2.1600000858306885,1.7732957601547241,1.3583505153656006,2.540740728378296,1.595348834991455,,,,,,,,,,,
200,1,16,1,0,0,2,7,2,7,0,9,12,1.5099999904632568,4.380000114440918,7.300000190734863,1.122886300086975,2.737499952316284,1.1827123165130615,5.717748165130615,,,,,,,,,,,
201,10,13,1,1,0,0,5,10,7,11,11,7,2.049999952316284,3.680000066757202,3.759999990463257,1.3165794610977173,1.8597849607467651,1.5143084526062012,2.777463436126709,,,,,,,,,,,
202,11,5,0,2,4,1,9,0,5,7,20,7,2.4100000858306885,3.5399999618530273,3.0399999618530273,1.4338487386703491,1.635501503944397,1.7569079399108887,2.2161824703216553,,,,,,,,,,,
203,14,7,1,1,3,1,1,1,3,2,18,10,3.6600000858306885,3.7200000286102295,2.069999933242798,1.844878077507019,1.3299481868743896,2.7127535343170166,1.5342622995376587,,,,,,,,,,,
204,9,3,2,1,2,1,2,3,4,4,11,11,2.0799999237060547,3.5799999237060547,3.759999990463257,1.3156183958053589,1.8338963985443115,1.522127628326416,2.7515385150909424,1.5700000524520874,2.4000000953674316,2.140000104904175,1.7999999523162842,3,1.3899999856948853,3.700000047683716,1.2599999904632568,6.400000095367432,1.090000033378601,1.3899999856948853
205,6,12,1,0,1,3,10,4,4,3,9,15,1.5199999809265137,4.739999771118164,6.400000095367432,1.1509264707565308,2.7231597900390625,1.21274995803833,5.106315612792969,,,,,,,,,,,
206,17,18,0,2,0,0,7,7,2,4,12,13,1.940000057220459,3.440000057220459,4.519999980926514,1.2404460906982422,1.9533668756484985,1.4006195068359375,3.263298988342285,,,,,,,,,,,
207,2,4,4,2,5,5,9,5,7,5,8,7,3.2200000286102295,3.5399999618530273,2.299999952316284,1.6862130165100098,1.394178032875061,2.3519999980926514,1.6799999475479126,,,,,,,,,,,
208,8,20,2,0,4,2,4,3,3,4,15,11,1.899999976158142,3.819999933242798,4.179999828338623,1.26888108253479,1.9959499835968018,1.4254544973373413,3.135999917984009,,,,,,,,,,,
209,15,1,1,1,2,1,3,2,4,3,13,10,3.5399999618530273,3.440000057220459,2.200000047683716,1.7446417808532715,1.3418439626693726,2.5569090843200684,1.7510972023010254,,,,,,,,,,,
210,16,19,1,2,1,1,3,6,2,3,7,14,2.4800000190734863,3.5199999809265137,2.9600000381469727,1.4549332857131958,1.6079012155532837,1.8010810613632202,2.1496775150299072,,,,,,,,,,,
211,5,2,6,0,1,1,3,1,10,1,8,13,2.490000009536743,3.700000047683716,2.8299999237060547,1.4883683919906616,1.6035221815109253,1.8422614336013794,2.093815326690674,,,,,,,,,,,
212,7,11,2,1,2,4,4,2,5,1,16,23,1.3600000143051147,5.300000190734863,8.300000190734863,1.082282304763794,3.2345588207244873,1.140578269958496,6.960882186889648,,,,,,,,,,,
213,4,18,1,3,0,1,5,6,6,4,8,11,1.7000000476837158,4.019999980926514,5.199999809265137,1.19475519657135,2.267245054244995,1.3003846406936646,3.977647066116333,,,,,,,,,,,
214,12,16,0,0,2,3,6,4,6,1,16,13,1.840000033378601,3.859999895095825,4.480000019073486,1.246035099029541,2.073477268218994,1.3825000524520874,3.366086959838867,1.440000057220459,2.6500000953674316,1.9800000190734863,1.9199999570846558,2.549999952316284,1.4700000286102295,3.200000047683716,1.3200000524520874,5,1.149999976158142,1.4700000286102295
215,19,15,2,1,4,4,5,1,3,5,19,14,2.4000000953674316,3.4000000953674316,3.1500000953674316,1.4068965911865234,1.6351145505905151,1.7266666889190674,2.266249895095825,,,,,,,,,,,
216,8,6,0,1,1,1,3,4,5,3,10,13,2.9000000953674316,3.619999885559082,2.4800000190734863,1.6101226806640625,1.4717377424240112,2.1259677410125732,1.8180689811706543,,,,,,,,,,,
217,13,9,1,0,2,3,2,1,1,3,14,13,3.319999933242798,3.5199999809265137,2.259999990463257,1.7085380554199219,1.37633216381073,2.4196460247039795,1.6471084356307983,,,,,,,,,,,
218,3,10,1,0,3,2,8,7,8,5,10,15,2.2899999618530273,3.5999999046325684,3.200000047683716,1.3996604681015015,1.6941176652908325,1.6813124418258667,2.3494322299957275,,,,,,,,,,,
219,20,14,2,1,2,3,6,7,4,10,15,15,2.6600000858306885,3.5,2.740000009536743,1.5113636255264282,1.5368589162826538,1.9313868284225464,1.9894737005233765,,,,,,,,,,,
220,1,17,1,1,2,2,9,2,9,3,13,11,1.659999966621399,4.019999980926514,5.599999904632568,1.1748591661453247,2.3401248455047607,1.2704999446868896,4.28602409362793,,,,,,,,,,,
221,10,8,5,0,1,4,7,4,9,5,15,9,1.940000057220459,3.619999885559082,4.239999771118164,1.2630934715270996,1.9527735710144043,1.428396224975586,3.1218557357788086,,,,,,,,,,,
222,11,3,0,1,4,1,6,4,3,4,15,11,3.9200000762939453,3.5999999046325684,2.0299999713897705,1.8765957355499268,1.2980462312698364,2.8724138736724854,1.4874999523162842,,,,,,,,,,,
223,14,12,0,0,3,1,3,5,5,7,15,14,2.2100000381469727,3.3399999141693115,3.619999885559082,1.3299819231033325,1.737183928489685,1.5782872438430786,2.5852489471435547,,,,,,,,,,,
224,9,19,1,2,1,1,6,2,7,5,7,9,1.9700000286102295,3.5199999809265137,4.28000020980835,1.263096570968628,1.9314872026443481,1.4310747385025024,3.1091370582580566,,,,,,,,,,,
225,4,1,1,2,2,4,4,8,6,5,15,16,2.700000047683716,3.2799999713897705,2.8399999141693115,1.4809364080429077,1.5220915079116821,1.91169011592865,2.010814905166626,,,,,,,,,,,
226,17,5,1,3,1,4,7,2,5,5,14,13,2.740000009536743,3.259999990463257,2.809999942779541,1.4887332916259766,1.509159803390503,1.9355871677398682,1.9850364923477173,,,,,,,,,,,
227,2,20,0,0,3,1,6,4,2,0,14,7,1.850000023841858,3.7200000286102295,4.599999904632568,1.2355475425720215,2.0567307472229004,1.3741304874420166,3.4167568683624268,,,,,,,,,,,
228,18,13,3,1,2,2,4,3,6,2,16,14,2.240000009536743,3.5,3.4000000953674316,1.3658536672592163,1.7246376276016235,1.6256470680236816,2.4674999713897705,,,,,,,,,,,
229,15,7,1,1,2,3,9,6,5,3,14,19,2.809999942779541,3.200000047683716,2.809999942779541,1.4961730241775513,1.4961730241775513,1.9600000381469727,1.9600000381469727,,,,,,,,,,,
230,16,6,1,1,2,2,3,6,4,3,13,12,4.5,4.019999980926514,1.7999999523162842,2.123239517211914,1.2432990074157715,3.430000066757202,1.371999979019165,,,,,,,,,,,
231,5,4,1,1,0,1,8,1,5,4,13,13,2.5899999141693115,3.5299999713897705,2.7200000286102295,1.4939051866531372,1.536255955696106,1.9131617546081543,2.0091891288757324,1.3300000429153442,3.319999933242798,1.75,2.1700000762939453,2.140000104904175,1.7200000286102295,2.7799999713897705,1.4500000476837158,4.170000076293945,1.2300000190734863,1.7200000286102295
232,6,14,0,0,6,5,11,2,4,2,18,13,1.8200000524520874,3.7799999713897705,4.21999979019165,1.2285000085830688,1.9939500093460083,1.4026540517807007,3.252307653427124,1.440000057220459,2.7899999618530273,1.9299999475479126,1.9700000286102295,2.559999942779541,1.5099999904632568,3.140000104904175,1.340000033378601,5.199999809265137,1.1299999952316284,1.5099999904632568
233,7,9,0,1,3,4,1,6,2,6,17,12,2.3399999141693115,3.2300000190734863,3.3299999237060547,1.356947898864746,1.6396188735961914,1.668648600578308,2.374615430831909,1.7400000095367432,2.200000047683716,2.3399999141693115,1.6200000047683716,3.3399999141693115,1.3300000429153442,4.369999885559082,1.2200000286102295,8.319999694824219,1.0700000524520874,1.3300000429153442
234,12,15,5,1,4,3,4,3,7,5,15,11,2.680000066757202,3.1500000953674316,2.890000104904175,1.448027491569519,1.5072020292282104,1.8887889385223389,2.0367910861968994,1.7300000190734863,2.200000047683716,2.3499999046325684,1.6100000143051147,3.4700000286102295,1.309999942779541,4.599999904632568,1.2000000476837158,9.069999694824219,1.059999942779541,1.309999942779541
235,19,11,0,2,3,3,6,6,4,2,13,14,1.6699999570846558,4.019999980926514,5.099999904632568,1.1798593997955322,2.2480263710021973,1.300902009010315,3.9728143215179443,1.4199999570846558,2.880000114440918,1.8899999856948853,2,2.4800000190734863,1.5399999618530273,3.0999999046325684,1.350000023841858,5,1.1399999856948853,1.5399999618530273
236,8,16,1,0,1,5,5,5,7,4,10,13,1.7200000286102295,3.5999999046325684,5.730000019073486,1.1639097929000854,2.210932493209839,1.274170994758606,4.244767665863037,1.4700000286102295,2.7200000286102295,1.9500000476837158,1.9299999475479126,2.680000066757202,1.4800000190734863,3.3299999237060547,1.340000033378601,5.940000057220459,1.1299999952316284,1.4800000190734863
237,13,2,4,3,0,2,5,5,7,4,12,12,2.2699999809265137,3.450000047683716,3.2699999809265137,1.3691433668136597,1.6787946224212646,1.6603058576583862,2.3917181491851807,1.5,2.640000104904175,2.049999952316284,1.840000033378601,2.680000066757202,1.4800000190734863,3.440000057220459,1.3200000524520874,5.940000057220459,1.1299999952316284,1.4800000190734863
238,3,17,1,0,1,0,6,2,3,3,11,7,2.190000057220459,3.130000114440918,3.859999895095825,1.2884774208068848,1.7284406423568726,1.5360103845596313,2.707305908203125,1.690000057220459,2.2799999713897705,2.259999990463257,1.659999966621399,3.2699999809265137,1.340000033378601,4.329999923706055,1.2300000190734863,7.099999904632568,1.0700000524520874,1.340000033378601
239,20,10,1,3,6,3,8,6,11,8,15,9,3.3499999046325684,3.6700000762939453,2.1500000953674316,1.7513532638549805,1.3557560443878174,2.506976842880249,1.6089552640914917,1.3200000524520874,3.390000104904175,1.75,2.1700000762939453,2.190000057220459,1.690000057220459,2.7799999713897705,1.4500000476837158,4.059999942779541,1.2400000095367432,1.690000057220459
240,1,18,1,0,3,5,2,3,4,4,19,14,1.75,3.700000047683716,5.119999885559082,1.1880733966827393,2.14784574508667,1.3149609565734863,3.8471999168395996,1.3799999952316284,3.0999999046325684,1.909999966621399,1.9700000286102295,2.369999885559082,1.600000023841858,3.119999885559082,1.3799999952316284,5.119999885559082,1.1699999570846558,1.600000023841858
241,10,6,1,1,3,2,8,4,3,6,17,13,2.4000000953674316,3.559999942779541,2.9800000190734863,1.4335570335388184,1.622140645980835,1.7692617177963257,2.196833372116089,1.4299999475479126,2.8299999237060547,1.9299999475479126,1.9800000190734863,2.5299999713897705,1.5199999809265137,3.140000104904175,1.340000033378601,5.099999904632568,1.1399999856948853,1.5199999809265137
242,11,20,0,0,3,2,6,3,3,2,23,12,2.130000114440918,3.559999942779541,3.619999885559082,1.3326537609100342,1.794874668121338,1.5566297769546509,2.6455399990081787,1.4900000095367432,2.680000066757202,2.059999942779541,1.8300000429153442,2.7100000381469727,1.4800000190734863,3.369999885559082,1.340000033378601,5.460000038146973,1.149999976158142,1.4800000190734863
243,14,8,3,0,1,3,4,1,7,3,13,12,2.059999942779541,3.680000066757202,3.7200000286102295,1.3206968307495117,1.8499459028244019,1.5226881504058838,2.749708652496338,1.4800000190734863,2.6500000953674316,1.9900000095367432,1.909999966621399,2.680000066757202,1.4700000286102295,3.319999933242798,1.309999942779541,5.550000190734863,1.1200000047683716,1.4700000286102295
244,9,12,2,0,1,1,2,6,3,2,11,7,1.9199999570846558,3.680000066757202,4.300000190734863,1.2617143392562866,1.982957363128662,1.4175814390182495,3.1747915744781494,1.4199999570846558,2.9100000858306885,1.909999966621399,1.9700000286102295,2.430000066757202,1.5700000524520874,3.119999885559082,1.3799999952316284,5.119999885559082,1.1699999570846558,1.5700000524520874
245,4,13,1,1,1,1,13,3,7,3,8,13,1.8899999856948853,3.7799999713897705,4.300000190734863,1.2599999904632568,2.0116336345672607,1.4107441902160645,3.209629535675049,1.3899999856948853,3,1.8899999856948853,2,2.369999885559082,1.600000023841858,3.009999990463257,1.399999976158142,4.630000114440918,1.2000000476837158,1.600000023841858
246,17,7,1,2,2,4,3,8,5,2,8,15,3.5199999809265137,3.5199999809265137,2.180000066757202,1.7599999904632568,1.3462456464767456,2.562385320663452,1.586931824684143,1.5700000524520874,2.450000047683716,2.25,1.7100000381469727,3.009999990463257,1.3899999856948853,4.050000190734863,1.25,7.369999885559082,1.090000033378601,1.3899999856948853
247,2,19,2,1,5,3,4,6,6,3,20,9,2.5999999046325684,3.6600000858306885,2.7100000381469727,1.520127773284912,1.5570800304412842,1.9202214479446411,2.0014615058898926,1.3600000143051147,3.130000114440918,1.809999942779541,2.109999895095825,2.299999952316284,1.6200000047683716,2.859999895095825,1.399999976158142,4.5,1.1699999570846558,1.6200000047683716
248,18,5,2,2,3,1,13,3,5,3,12,7,2.440000057220459,3.6600000858306885,2.930000066757202,1.4639999866485596,1.6272838115692139,1.7961091995239258,2.1568033695220947,1.3899999856948853,3,1.8600000143051147,2.059999942779541,2.380000114440918,1.5800000429153442,2.940000057220459,1.3799999952316284,4.699999809265137,1.159999966621399,1.5800000429153442
249,15,16,2,1,2,1,6,2,5,5,16,12,1.6399999856948853,4.059999942779541,5.849999904632568,1.1681402921676636,2.39667010307312,1.254734992980957,4.47573184967041,1.5099999904632568,2.559999942779541,2.049999952316284,1.8600000143051147,2.7899999618530273,1.440000057220459,3.4600000381469727,1.2899999618530273,5.849999904632568,1.100000023841858,1.440000057220459
250,1,3,2,1,0,3,6,4,6,4,10,13,1.9900000095367432,3.619999885559082,4,1.284099817276001,1.900262475013733,1.4675500392913818,2.9498491287231445,1.559999942779541,2.430000066757202,2.119999885559082,1.7999999523162842,2.950000047683716,1.399999976158142,3.619999885559082,1.2699999809265137,6.300000190734863,1.090000033378601,1.399999976158142
251,5,1,0,4,0,0,5,10,4,6,8,9,3.2200000286102295,3.740000009536743,2.2300000190734863,1.7302873134613037,1.3970184326171875,2.3950672149658203,1.6586956977844238,1.399999976158142,2.990000009536743,1.909999966621399,1.9700000286102295,2.430000066757202,1.5700000524520874,3.119999885559082,1.3799999952316284,4.829999923706055,1.1799999475479126,1.5700000524520874
252,6,11,1,0,3,1,7,2,8,1,16,11,1.5800000429153442,4.5,5.900000095367432,1.169407844543457,2.552884578704834,1.2424407005310059,4.639493465423584,1.2999999523162842,3.259999990463257,1.7400000095367432,2.140000104904175,2.1500000953674316,1.7000000476837158,2.799999952316284,1.4900000095367432,4.239999771118164,1.2200000286102295,1.7000000476837158
253,7,2,2,0,0,2,10,4,6,5,14,16,1.840000033378601,3.9800000190734863,4.300000190734863,1.2582818269729614,2.066908121109009,1.3993488550186157,3.2702174186706543,1.340000033378601,3.25,1.7999999523162842,2.0999999046325684,2.2200000286102295,1.6799999475479126,2.819999933242798,1.4500000476837158,4.170000076293945,1.2300000190734863,1.6799999475479126
254,12,10,0,3,2,1,4,7,4,9,13,6,2.6700000762939453,3.5999999046325684,2.680000066757202,1.5330142974853516,1.5363057851791382,1.9563432931900024,1.9636703729629517,1.3300000429153442,3.319999933242798,1.75,2.1700000762939453,2.140000104904175,1.7200000286102295,2.7799999713897705,1.4500000476837158,4.170000076293945,1.2300000190734863,1.7200000286102295
255,19,4,2,3,3,3,5,6,5,7,19,10,2.940000057220459,3.4800000190734863,2.4800000190734863,1.5936448574066162,1.4480537176132202,2.1417741775512695,1.806666612625122,1.4900000095367432,2.5899999141693115,2.0299999713897705,1.7799999713897705,2.7699999809265137,1.4500000476837158,3.4000000953674316,1.2999999523162842,5.75,1.1100000143051147,1.4500000476837158
256,8,15,1,0,3,4,5,3,3,2,13,13,2.7100000381469727,3.4600000381469727,2.7100000381469727,1.519708275794983,1.519708275794983,1.9600000381469727,1.9600000381469727,1.6299999952316284,2.390000104904175,2.1600000858306885,1.7100000381469727,3.009999990463257,1.3899999856948853,4.050000190734863,1.25,7.369999885559082,1.090000033378601,1.3899999856948853
257,13,17,2,1,4,3,2,8,3,6,13,16,2.380000114440918,3.3399999141693115,3.240000009536743,1.3897203207015991,1.6446200609207153,1.6998765468597412,2.314117670059204,1.6699999570846558,2.200000047683716,2.2799999713897705,1.7000000476837158,3.319999933242798,1.3300000429153442,4.099999904632568,1.2200000286102295,7.300000190734863,1.059999942779541,1.3300000429153442
258,3,18,4,4,2,6,4,4,6,5,9,14,1.8200000524520874,3.9000000953674316,4.539999961853027,1.2409090995788574,2.097867250442505,1.3728634119033813,3.4246153831481934,1.3899999856948853,3.059999942779541,1.9299999475479126,1.9500000476837158,2.390000104904175,1.590000033378601,3.1500000953674316,1.3700000047683716,5.099999904632568,1.1699999570846558,1.590000033378601
259,20,9,0,2,2,4,7,2,5,4,3,18,3.5199999809265137,3.5799999237060547,2.1600000858306885,1.7748732566833496,1.3471777439117432,2.5770370960235596,1.5813636779785156,1.5,2.640000104904175,2.049999952316284,1.840000033378601,2.640000104904175,1.4900000095367432,3.440000057220459,1.3200000524520874,6.070000171661377,1.1299999952316284,1.4900000095367432
260,16,14,1,2,1,1,9,2,3,5,7,7,3.5199999809265137,3.5799999237060547,2.1600000858306885,1.7748732566833496,1.3471777439117432,2.5770370960235596,1.5813636779785156,1.5,2.5899999141693115,2.0299999713897705,1.8700000047683716,2.7699999809265137,1.4500000476837158,3.4000000953674316,1.2999999523162842,5.75,1.1100000143051147,1.4500000476837158
261,10,14,0,0,0,1,2,3,4,3,16,6,1.8799999952316284,3.759999990463257,4.380000114440918,1.253333330154419,2.0231940746307373,1.400639295578003,3.2631914615631104,1.399999976158142,2.990000009536743,1.899999976158142,2.009999990463257,2.430000066757202,1.5700000524520874,3,1.3600000143051147,5.090000152587891,1.1699999570846558,1.5700000524520874
262,5,3,5,1,1,3,4,5,9,3,11,12,2.509999990463257,3.380000114440918,3.009999990463257,1.4403735399246216,1.5921440124511719,1.7972092628479004,2.155219078063965,1.399999976158142,3,2.009999990463257,1.899999976158142,2.430000066757202,1.5800000429153442,3.240000009536743,1.3300000429153442,4.730000019073486,1.190000057220459,1.5800000429153442
263,11,12,3,2,2,3,8,4,5,3,17,10,2.890000104904175,3.4600000381469727,2.559999942779541,1.5747087001800537,1.4713621139526367,2.0863280296325684,1.8480968475341797,1.5700000524520874,2.450000047683716,1.9500000476837158,1.9500000476837158,2.690000057220459,1.4700000286102295,3,1.3600000143051147,6.25,1.1200000047683716,1.4700000286102295
264,9,8,1,2,2,2,2,3,3,4,14,8,1.809999942779541,3.759999990463257,4.800000190734863,1.221831202507019,2.1084113121032715,1.3495416641235352,3.578895092010498,1.4199999570846558,2.9100000858306885,1.899999976158142,2.009999990463257,2.509999990463257,1.5399999618530273,3,1.3600000143051147,5.599999904632568,1.1399999856948853,1.5399999618530273
265,4,20,4,2,6,5,9,4,9,4,19,15,1.6100000143051147,4.179999828338623,6.050000190734863,1.1623142957687378,2.472043037414551,1.2407933473587036,4.662608623504639,1.3300000429153442,3.369999885559082,1.75,2.200000047683716,2.2200000286102295,1.7300000190734863,2.630000114440918,1.4500000476837158,4,1.25,1.7300000190734863
266,17,19,3,1,0,1,7,5,6,4,10,16,2.5999999046325684,3.2200000286102295,3.0199999809265137,1.4384880065917969,1.5583974123001099,1.8237086534500122,2.118307590484619,1.6100000143051147,2.3499999046325684,2.1500000953674316,1.7799999713897705,2.990000009536743,1.3899999856948853,3.5,1.2899999618530273,7.050000190734863,1.100000023841858,1.3899999856948853
267,2,16,5,2,1,0,2,4,8,7,10,9,1.6699999570846558,3.9600000381469727,5.699999809265137,1.174635887145996,2.33664608001709,1.2671228647232056,4.3249101638793945,1.440000057220459,2.8499999046325684,1.899999976158142,2.009999990463257,2.490000009536743,1.5499999523162842,3,1.3600000143051147,5.380000114440918,1.149999976158142,1.5499999523162842
268,18,7,1,2,6,1,8,4,8,2,15,18,3.009999990463257,3.380000114440918,2.509999990463257,1.5921440124511719,1.4403735399246216,2.155219078063965,1.7972092628479004,1.2799999713897705,3.690000057220459,2.009999990463257,1.899999976158142,2.109999895095825,1.7899999618530273,3.240000009536743,1.3300000429153442,3.6500000953674316,1.2799999713897705,1.7899999618530273
269,15,6,2,3,0,3,6,6,6,10,8,16,2.700000047683716,3.380000114440918,2.7699999809265137,1.5009868144989014,1.5223740339279175,1.9352346658706665,1.9854073524475098,1.6100000143051147,2.319999933242798,2.200000047683716,1.7599999904632568,3.1500000953674316,1.3600000143051147,3.7799999713897705,1.25,6.699999809265137,1.0800000429153442,1.3600000143051147
270,1,13,3,2,0,0,6,5,10,7,4,8,1.600000023841858,4.159999847412109,6.25,1.1555556058883667,2.49759840965271,1.2308800220489502,4.808125019073486,1.340000033378601,3.2899999618530273,1.8200000524520874,2.0999999046325684,2.0999999046325684,1.75,2.75,1.399999976158142,4.21999979019165,1.2300000190734863,1.75
271,14,15,1,0,0,0,3,6,4,2,15,13,2.799999952316284,3.359999895095825,2.690000057220459,1.5272727012634277,1.493950366973877,2.0000743865966797,1.9214999675750732,1.659999966621399,2.3399999141693115,2.1500000953674316,1.7799999713897705,2.9600000381469727,1.399999976158142,3.440000057220459,1.25,7.210000038146973,1.090000033378601,1.399999976158142
272,6,9,2,2,3,3,3,3,4,2,10,15,2.549999952316284,3.5199999809265137,2.8499999046325684,1.4787479639053345,1.5748822689056396,1.8568421602249146,2.075294017791748,1.409999966621399,2.9600000381469727,1.940000057220459,1.9600000381469727,2.390000104904175,1.590000033378601,2.9700000286102295,1.309999942779541,4.690000057220459,1.190000057220459,1.590000033378601
273,7,1,1,1,2,1,4,4,5,3,11,15,2.490000009536743,3.5199999809265137,2.940000057220459,1.4583693742752075,1.6019814014434814,1.809999942779541,2.137108325958252,1.3799999952316284,3.0999999046325684,1.940000057220459,1.9600000381469727,2.369999885559082,1.600000023841858,2.9200000762939453,1.3200000524520874,4.650000095367432,1.190000057220459,1.600000023841858
274,12,2,2,2,1,2,11,3,5,3,6,12,2.319999933242798,3.5799999237060547,3.1700000762939453,1.4077287912368774,1.6812740564346313,1.6972240209579468,2.319051742553711,1.3600000143051147,3.2300000190734863,1.899999976158142,2.009999990463257,2.2699999809265137,1.649999976158142,2.819999933242798,1.340000033378601,4.389999866485596,1.2100000381469727,1.649999976158142
275,19,18,2,3,4,3,4,4,3,5,25,10,2.690000057220459,3.5199999809265137,2.690000057220459,1.5247665643692017,1.5247665643692017,1.9600000381469727,1.9600000381469727,1.3799999952316284,3.059999942779541,1.9900000095367432,1.909999966621399,2.319999933242798,1.6299999952316284,3,1.2999999523162842,4.5,1.2100000381469727,1.6299999952316284
276,8,11,0,0,3,2,6,1,4,1,8,15,2.0799999237060547,3.619999885559082,3.7200000286102295,1.3209824562072754,1.834659457206726,1.5279569625854492,2.732692241668701,1.3799999952316284,3.0999999046325684,1.940000057220459,1.9600000381469727,2.369999885559082,1.600000023841858,2.9200000762939453,1.3200000524520874,5.050000190734863,1.1699999570846558,1.600000023841858
277,13,5,1,2,3,1,2,4,1,4,9,9,2.7300000190734863,3.619999885559082,2.609999895095825,1.5563149452209473,1.516564965248108,2.0050575733184814,1.9169230461120605,1.4299999475479126,2.880000114440918,1.840000033378601,2.0799999237060547,2.4600000381469727,1.559999942779541,2.700000047683716,1.3700000047683716,4.690000057220459,1.190000057220459,1.559999942779541
278,3,4,2,0,0,0,7,5,6,5,15,10,2.4800000190734863,3.5199999809265137,2.950000047683716,1.4549332857131958,1.6049458980560303,1.8038643598556519,2.145725727081299,1.440000057220459,2.7899999618530273,1.9900000095367432,1.909999966621399,2.5,1.5299999713897705,3,1.2999999523162842,5,1.1399999856948853,1.5299999713897705
279,20,17,1,2,3,1,5,2,2,7,13,17,2.740000009536743,3.359999895095825,2.740000009536743,1.5092458724975586,1.5092458724975586,1.9600000381469727,1.9600000381469727,1.7400000095367432,2.200000047683716,2.2100000381469727,1.7400000095367432,3.25,1.340000033378601,3.5999999046325684,1.2300000190734863,7.960000038146973,1.0800000429153442,1.340000033378601
280,16,10,1,0,1,0,5,6,5,2,13,11,3.880000114440918,3.740000009536743,1.9500000476837158,1.9043569564819336,1.2817223072052002,2.9299488067626953,1.472525715827942,1.350000023841858,3.200000047683716,1.7799999713897705,2.1500000953674316,2.2200000286102295,1.659999966621399,2.7799999713897705,1.4199999570846558,4.300000190734863,1.190000057220459,1.659999966621399
281,10,15,2,3,2,3,6,2,5,6,14,12,2.0399999618530273,3.6600000858306885,3.819999933242798,1.3098946809768677,1.8691444396972656,1.5033507347106934,2.8150980472564697,1.4800000190734863,2.6500000953674316,2,1.899999976158142,2.680000066757202,1.4700000286102295,3.319999933242798,1.309999942779541,5.599999904632568,1.1200000047683716,1.4700000286102295
282,5,7,2,5,1,2,12,4,9,9,14,14,2.609999895095825,3.680000066757202,2.690000057220459,1.5269951820373535,1.5540345907211304,1.9308550357818604,1.990038275718689,1.3600000143051147,3.1500000953674316,1.7999999523162842,2.140000104904175,2.259999990463257,1.6399999856948853,2.819999933242798,1.409999966621399,4.400000095367432,1.1799999475479126,1.6399999856948853
283,11,16,1,0,4,4,3,2,1,1,16,13,2.059999942779541,3.619999885559082,3.7799999713897705,1.3128873109817505,1.849135160446167,1.5140740871429443,2.778252363204956,1.4900000095367432,2.680000066757202,1.9800000190734863,1.9199999570846558,2.7100000381469727,1.4800000190734863,3,1.2999999523162842,5.21999979019165,1.159999966621399,1.4800000190734863
284,9,14,0,1,3,0,7,6,4,3,13,7,1.840000033378601,3.680000066757202,4.739999771118164,1.2266666889190674,2.071639060974121,1.360421895980835,3.5045652389526367,1.6100000143051147,2.299999952316284,2.2100000381469727,1.7400000095367432,3.200000047683716,1.350000023841858,3.880000114440918,1.2400000095367432,6.849999904632568,1.0800000429153442,1.350000023841858
285,4,6,2,1,4,4,4,5,7,1,12,16,2.559999942779541,3.5999999046325684,2.880000114440918,1.4961038827896118,1.600000023841858,1.8511110544204712,2.0824999809265137,1.3600000143051147,3.130000114440918,1.840000033378601,2.119999885559082,2.2799999713897705,1.6299999952316284,2.819999933242798,1.409999966621399,4.440000057220459,1.1799999475479126,1.6299999952316284
286,17,12,2,1,2,0,6,2,5,3,10,11,2.3399999141693115,3.4800000190734863,3.2200000286102295,1.3991752862930298,1.6724776029586792,1.692173957824707,2.3285470008850098,1.5499999523162842,2.450000047683716,2.0999999046325684,1.8300000429153442,2.9100000858306885,1.409999966621399,3.619999885559082,1.2699999809265137,6.150000095367432,1.100000023841858,1.409999966621399
287,2,8,3,0,0,0,2,6,6,3,19,9,2.119999885559082,3.680000066757202,3.5199999809265137,1.3451035022735596,1.7991111278533936,1.5702272653579712,2.6071698665618896,1.3200000524520874,3.390000104904175,1.8600000143051147,2.0399999618530273,2.140000104904175,1.7200000286102295,2.7799999713897705,1.350000023841858,4.059999942779541,1.2400000095367432,1.7200000286102295
288,18,20,3,1,1,0,3,4,7,4,16,5,1.8899999856948853,3.7799999713897705,4.300000190734863,1.2599999904632568,2.0116336345672607,1.4107441902160645,3.209629535675049,1.2599999904632568,3.9200000762939453,1.8600000143051147,2.0399999618530273,1.9299999475479126,1.9500000476837158,2.7799999713897705,1.350000023841858,3.380000114440918,1.3200000524520874,1.9500000476837158
289,13,3,2,3,2,3,8,2,4,10,11,9,3.0199999809265137,3.559999942779541,2.4200000762939453,1.6339210271835327,1.4406689405441284,2.202975273132324,1.7652980089187622,1.4600000381469727,2.7200000286102295,1.9700000286102295,1.940000057220459,2.619999885559082,1.4900000095367432,3.259999990463257,1.3200000524520874,5.400000095367432,1.1200000047683716,1.4900000095367432
290,1,19,4,2,2,3,3,6,10,6,10,14,1.6699999570846558,4.079999923706055,5.449999809265137,1.184973955154419,2.333263397216797,1.280293583869934,4.178203582763672,1.2899999618530273,3.640000104904175,1.8600000143051147,2.0399999618530273,2.0199999809265137,1.8700000047683716,2.7799999713897705,1.350000023841858,3.7200000286102295,1.2799999713897705,1.8700000047683716
291,10,9,2,1,2,2,6,4,6,2,14,14,2.619999885559082,3.5,2.7799999713897705,1.4983659982681274,1.5493630170822144,1.903597116470337,2.0198473930358887,1.4700000286102295,2.7200000286102295,1.9800000190734863,1.9199999570846558,2.680000066757202,1.4800000190734863,3,1.2999999523162842,5.409999847412109,1.149999976158142,1.4800000190734863
292,14,17,4,1,3,0,4,2,8,6,17,16,2.299999952316284,3.4600000381469727,3.299999952316284,1.3815972805023193,1.6890532970428467,1.6630302667617798,2.386086940765381,1.809999942779541,2.0999999046325684,2.140000104904175,1.7899999618530273,3.759999990463257,1.2699999809265137,3.440000057220459,1.25,8.399999618530273,1.0499999523162842,1.2699999809265137
293,6,2,1,1,1,4,7,4,12,3,9,15,1.899999976158142,3.8399999141693115,4.159999847412109,1.2710801362991333,1.9967999458312988,1.4275962114334106,3.1256842613220215,1.2400000095367432,4.110000133514404,1.7599999904632568,2.190000057220459,1.8899999856948853,2,2.5199999809265137,1.4199999570846558,3.2300000190734863,1.340000033378601,2
294,7,3,2,1,3,3,11,2,11,2,7,12,2.2200000286102295,3.5799999237060547,3.359999895095825,1.370275855064392,1.733256459236145,1.627500057220459,2.463243246078491,1.2899999618530273,3.609999895095825,1.9299999475479126,1.9700000286102295,2.0199999809265137,1.8700000047683716,2.9200000762939453,1.3200000524520874,3.75,1.2699999809265137,1.8700000047683716
295,12,4,3,1,0,3,7,7,7,4,10,11,2.799999952316284,3.5799999237060547,2.569999933242798,1.571159839630127,1.496032476425171,2.0477042198181152,1.8795000314712524,1.409999966621399,2.9600000381469727,1.9299999475479126,1.9700000286102295,2.390000104904175,1.590000033378601,2.9200000762939453,1.3200000524520874,4.909999847412109,1.1799999475479126,1.590000033378601
296,19,5,0,2,2,1,2,4,0,4,15,10,3.5199999809265137,3.680000066757202,2.119999885559082,1.7991111278533936,1.3451035022735596,2.6071698665618896,1.5702272653579712,1.2699999809265137,3.75,1.840000033378601,2.0799999237060547,2.049999952316284,1.840000033378601,2.740000009536743,1.3600000143051147,3.5999999046325684,1.2899999618530273,1.840000033378601
297,8,13,3,0,2,3,3,6,6,4,11,8,2.380000114440918,3.5799999237060547,3.059999942779541,1.42959725856781,1.649819254875183,1.7422221899032593,2.240000009536743,1.4600000381469727,2.75,1.8899999856948853,2.0199999809265137,2.630000114440918,1.5,2.819999933242798,1.340000033378601,5.489999771118164,1.149999976158142,1.5
298,20,1,3,2,2,3,6,9,6,3,18,16,5.400000095367432,4.079999923706055,1.6799999475479126,2.3240506649017334,1.190000057220459,4.130000114440918,1.2848888635635376,1.2999999523162842,3.380000114440918,1.8899999856948853,2.0199999809265137,2.1500000953674316,1.7000000476837158,2.690000057220459,1.4500000476837158,4.039999961853027,1.2100000381469727,1.7000000476837158
299,15,11,2,1,1,2,7,1,5,3,14,17,1.8899999856948853,3.740000009536743,4.320000171661377,1.255523920059204,2.004565715789795,1.408750057220459,3.2200000286102295,1.5800000429153442,2.4200000762939453,1.9800000190734863,1.9199999570846558,3.009999990463257,1.3899999856948853,3,1.2999999523162842,7.369999885559082,1.090000033378601,1.3899999856948853
300,16,18,0,2,1,0,3,4,2,6,11,15,3.5199999809265137,3.680000066757202,2.119999885559082,1.7991111278533936,1.3451035022735596,2.6071698665618896,1.5702272653579712,1.2999999523162842,3.5299999713897705,1.840000033378601,2.0799999237060547,2.059999942779541,1.7799999713897705,2.740000009536743,1.3600000143051147,3.859999895095825,1.2599999904632568,1.7799999713897705
301,5,20,2,1,0,1,7,8,5,3,17,14,1.649999976158142,4.400000095367432,5.199999809265137,1.2000000476837158,2.383333444595337,1.290961503982544,4.068484783172607,1.2799999713897705,3.680000066757202,1.659999966621399,2.359999895095825,2.009999990463257,1.7999999523162842,2.5199999809265137,1.5,3.7200000286102295,1.2400000095367432,1.7999999523162842
302,11,14,1,2,5,2,2,7,5,4,12,13,2.569999933242798,3.5799999237060547,2.7899999618530273,1.496032476425171,1.5680062770843506,1.8827240467071533,2.043890953063965,1.5700000524520874,2.450000047683716,1.9299999475479126,1.9700000286102295,2.880000114440918,1.4199999570846558,2.9200000762939453,1.3200000524520874,6.929999828338623,1.090000033378601,1.4199999570846558
303,9,16,1,0,0,1,12,1,11,2,17,12,1.3600000143051147,5.099999904632568,9.399999618530273,1.0736842155456543,3.3062069416046143,1.121787190437317,7.7535295486450195,1.3799999952316284,3.0399999618530273,1.8300000429153442,2.0799999237060547,2.3399999141693115,1.600000023841858,2.9000000953674316,1.3899999856948853,4.639999866485596,1.1699999570846558,1.600000023841858
304,4,8,2,0,1,2,5,7,4,7,12,8,1.840000033378601,3.9200000762939453,4.400000095367432,1.2522221803665161,2.0730769634246826,1.3898181915283203,3.3234782218933105,1.350000023841858,3.2100000381469727,1.7599999904632568,2.190000057220459,2.140000104904175,1.7200000286102295,2.5199999809265137,1.4199999570846558,4.380000114440918,1.2100000381469727,1.7200000286102295
305,17,15,2,2,0,1,7,3,7,5,8,11,2.740000009536743,3.359999895095825,2.740000009536743,1.5092458724975586,1.5092458724975586,1.9600000381469727,1.9600000381469727,1.7200000286102295,2.119999885559082,2.190000057220459,1.7599999904632568,3.5199999809265137,1.2999999523162842,3.5999999046325684,1.2300000190734863,7.699999809265137,1.059999942779541,1.2999999523162842
306,2,10,0,0,4,1,3,3,2,5,11,15,2.8499999046325684,3.7200000286102295,2.4600000381469727,1.6136986017227173,1.4807766675949097,2.115365743637085,1.8258947134017944,1.3200000524520874,3.380000114440918,1.7400000095367432,2.2100000381469727,2.1500000953674316,1.7000000476837158,2.700000047683716,1.440000057220459,4.039999961853027,1.2100000381469727,1.7000000476837158
307,18,12,2,1,4,3,7,3,8,3,11,8,1.8899999856948853,4.019999980926514,4.019999980926514,1.285583734512329,2.009999990463257,1.4407463073730469,3.0644445419311523,1.2999999523162842,3.5199999809265137,1.6799999475479126,2.299999952316284,2.059999942779541,1.7599999904632568,2.569999933242798,1.4800000190734863,3.799999952316284,1.2300000190734863,1.7599999904632568
308,13,7,0,4,1,2,4,0,1,9,17,15,2.890000104904175,3.6600000858306885,2.4600000381469727,1.6148701906204224,1.4711765050888062,2.131300926208496,1.8141868114471436,1.2999999523162842,3.5199999809265137,1.8200000524520874,2.0999999046325684,2.0999999046325684,1.75,2.700000047683716,1.3700000047683716,3.880000114440918,1.2599999904632568,1.75
309,3,19,3,0,0,1,6,9,7,1,12,7,1.840000033378601,3.859999895095825,4,1.246035099029541,1.9643765687942505,1.430799961090088,3.1104347705841064,1.3300000429153442,3.299999952316284,1.7599999904632568,2.180000066757202,2.190000057220459,1.6799999475479126,2.740000009536743,1.4299999475479126,4.239999771118164,1.190000057220459,1.6799999475479126
310,1,6,1,1,3,4,3,4,2,3,16,18,2.190000057220459,3.759999990463257,3.259999990463257,1.3839328289031982,1.7460968494415283,1.6383435726165771,2.438812732696533,1.350000023841858,3.200000047683716,1.7599999904632568,2.1500000953674316,2.240000009536743,1.649999976158142,2.7799999713897705,1.4199999570846558,4.340000152587891,1.1799999475479126,1.649999976158142
